<?xml version="1.0" encoding="UTF-8"?>
		<rss xmlns:atom="http://www.w3.org/2005/Atom" xmlns:media="http://search.yahoo.com/mrss/" version="2.0">
		<channel>
		   <atom:link type="application/rss+xml" rel="self" href="https://www.hindustantimes.com/rss/topnews/rssfeed.xml"/>
			<title>Hindustan Times  - topnews</title> 
			<link>https://www.hindustantimes.com/</link>
			<description>
			<![CDATA[Hindustan Times is India’s No.1 English News website where users can find Latest News, Breaking News, Today’s News Headlines, Trending News and updates from India and the World. Also watch latest photos and videos based on current affairs.]]>
					 </description>
			 <language>en-US</language>
			<copyright>
			Copyright (C) 2018 HT Media Limited. All Rights Reserved.
			</copyright>
			
			 <docs>https://www.hindustantimes.com/</docs>
			<image>
				<title>Hindustan Times  - topnews</title>
				<link>https://www.hindustantimes.com/</link>
				<url>
				https://www.hindustantimes.com/res/img/app-images/HomePageV1/HT-Logo.gif
				</url>
				
			</image>
			<item>
		<title><![CDATA[India vs West Indies, Live cricket score updates, 1st ODI&thinsp;in Guwahati: Rohit, Kohli...]]></title>
	    
	    <description><![CDATA[India vs West Indies Live Cricket Score Updates: Catch all the action between India and West Indies from the 1st ODI in Guwahati with our LIVE blog.]]></description>
		<link><![CDATA[https://www.hindustantimes.com/cricket/india-vs-west-indies-live-cricket-score-updates-1st-odi-in-guwahati-kohli-and-boys-hold-edge/story-ft91LrzVfwb4RwqkeYCNtJ.html]]></link>
		<guid><![CDATA[https://www.hindustantimes.com/cricket/india-vs-west-indies-live-cricket-score-updates-1st-odi-in-guwahati-kohli-and-boys-hold-edge/story-ft91LrzVfwb4RwqkeYCNtJ.html]]></guid>
		<pubDate><![CDATA[Sun, 21 Oct 2018 01:25:41 GMT]]> </pubDate>
		<media:content url="https://www.hindustantimes.com/rf/image_size_630x354/HT/p2/2018/10/21/Pictures/virat-kohli-rohit-sharma_ecd49f10-d533-11e8-9a37-2776cb441552.jpg" medium="image" height="640" width="362"/>
		</item><item>
		<title><![CDATA[Amritsar train tragedy due to negligence, will fix accountability: Punjab Police]]></title>
	    
	    <description><![CDATA[Punjab DGP said ADGP Sahota would also conduct an inquiry to ensure that those responsible for the accident are nailed.]]></description>
		<link><![CDATA[https://www.hindustantimes.com/india-news/amritsar-train-tragedy-due-to-negligence-will-fix-accountability-punjab-police/story-asEp270lQs6jwEGysNhP4M.html]]></link>
		<guid><![CDATA[https://www.hindustantimes.com/india-news/amritsar-train-tragedy-due-to-negligence-will-fix-accountability-punjab-police/story-asEp270lQs6jwEGysNhP4M.html]]></guid>
		<pubDate><![CDATA[Sun, 21 Oct 2018 12:59:35 GMT]]> </pubDate>
		<media:content url="https://www.hindustantimes.com/rf/image_size_630x354/HT/p2/2018/10/21/Pictures/services-resume-after-train-accident-in-amritsar_9dc17c2c-d52e-11e8-b4cf-7c02492d3b0a.jpg" medium="image" height="640" width="362"/>
		</item><item>
		<title><![CDATA['Giving up our lives because...': What Faridabad family's 'suicide' note said]]></title>
	    
	    <description><![CDATA[The note, dated October 18 and signed by the siblings, contains detailed instructions of tasks that needed to be done, such as selling personal belongings to fund the funerals, as well talks of the depression the family was dealing with.]]></description>
		<link><![CDATA[https://www.hindustantimes.com/india-news/suicide-note-details-faridabad-family-s-final-wish-siblings-s-trauma/story-9q6OuRvLJ1ZqiT2GEArxqN.html]]></link>
		<guid><![CDATA[https://www.hindustantimes.com/india-news/suicide-note-details-faridabad-family-s-final-wish-siblings-s-trauma/story-9q6OuRvLJ1ZqiT2GEArxqN.html]]></guid>
		<pubDate><![CDATA[Sun, 21 Oct 2018 12:48:41 GMT]]> </pubDate>
		<media:content url="https://www.hindustantimes.com/rf/image_size_630x354/HT/p2/2018/10/21/Pictures/suicide_ae944450-d4dc-11e8-841e-211dfd3178e1.jpg" medium="image" height="640" width="362"/>
		</item><item>
		<title><![CDATA[3 soldiers killed during encounter with Pakistani intruders near Line of Control...]]></title>
	    
	    <description><![CDATA[]]></description>
		<link><![CDATA[https://www.hindustantimes.com/india-news/3-soldiers-killed-during-encounter-with-pakistani-intruders-near-line-of-control-in-jammu/story-8f3UJsIquajrWYvQi9EBBI.html]]></link>
		<guid><![CDATA[https://www.hindustantimes.com/india-news/3-soldiers-killed-during-encounter-with-pakistani-intruders-near-line-of-control-in-jammu/story-8f3UJsIquajrWYvQi9EBBI.html]]></guid>
		<pubDate><![CDATA[Sun, 21 Oct 2018 12:25:28 GMT]]> </pubDate>
		<media:content url="https://www.hindustantimes.com/rf/image_size_630x354/HT/p2/2018/10/21/Pictures/encounter-in-kupwara_7661aaae-d528-11e8-b4cf-7c02492d3b0a.jpg" medium="image" height="640" width="362"/>
		</item><item>
		<title><![CDATA[Saudi Arabia's explanation of Jamal Khashoggi's death not credible: British min...]]></title>
	    
	    <description><![CDATA[After denying any involvement in the disappearance of Jamal Khashoggi for two weeks, Saudi Arabia on Saturday morning said he had died in a fistfight at the consulate.]]></description>
		<link><![CDATA[https://www.hindustantimes.com/world-news/saudi-arabia-s-explanation-of-jamal-khashoggi-s-death-not-credible-british-minister/story-a6xY2owzXZOZIGEii7UX2I.html]]></link>
		<guid><![CDATA[https://www.hindustantimes.com/world-news/saudi-arabia-s-explanation-of-jamal-khashoggi-s-death-not-credible-british-minister/story-a6xY2owzXZOZIGEii7UX2I.html]]></guid>
		<pubDate><![CDATA[Sun, 21 Oct 2018 12:02:34 GMT]]> </pubDate>
		<media:content url="https://www.hindustantimes.com/rf/image_size_630x354/HT/p2/2018/10/21/Pictures/obtained-journalist-khashoggi-arrives-istanbul-claims-consulate_1a0a9f32-d522-11e8-b4cf-7c02492d3b0a.jpg" medium="image" height="640" width="362"/>
		</item><item>
		<title><![CDATA[Mira and Sarala Behn: The guardians of our ecological galaxies]]></title>
	    
	    <description><![CDATA[From Mira Behn to Prof GD Agarwal, many Indians have warned against the destruction of the Himalayas. They have alerted us to the hazards of converting mixed forests into mono-cultural stands, excess use of chemical fertilizers, negative impacts of large dams, devastation caused by sand mining, etc.]]></description>
		<link><![CDATA[https://www.hindustantimes.com/columns/mira-and-sarala-behn-the-guardians-of-our-ecological-galaxies/story-KMmSdMryCiMgVMCrBZ5PEJ.html]]></link>
		<guid><![CDATA[https://www.hindustantimes.com/columns/mira-and-sarala-behn-the-guardians-of-our-ecological-galaxies/story-KMmSdMryCiMgVMCrBZ5PEJ.html]]></guid>
		<pubDate><![CDATA[Sun, 21 Oct 2018 12:02:27 GMT]]> </pubDate>
		<media:content url="https://www.hindustantimes.com/rf/image_size_630x354/HT/p2/2018/10/18/Pictures/amarnath-yatra_0da6320a-d2cb-11e8-b4cf-7c02492d3b0a.jpg" medium="image" height="640" width="362"/>
		</item><item>
		<title><![CDATA[MeToo: Raveena Tandon talks workplace harassment, how heroes' wives, girlfriends...]]></title>
	    
	    <description><![CDATA[Raveena Tandon reveals how she was harassed by journalists and even lost a couple of projects after being called a ‘delusional liar’.]]></description>
		<link><![CDATA[https://www.hindustantimes.com/bollywood/metoo-raveena-tandon-talks-workplace-harassment-how-hero-s-wife-girlfriend-got-her-fired-from-films/story-sb1ngYYUGL9wwpom42CZ2O.html]]></link>
		<guid><![CDATA[https://www.hindustantimes.com/bollywood/metoo-raveena-tandon-talks-workplace-harassment-how-hero-s-wife-girlfriend-got-her-fired-from-films/story-sb1ngYYUGL9wwpom42CZ2O.html]]></guid>
		<pubDate><![CDATA[Sun, 21 Oct 2018 10:35:34 GMT]]> </pubDate>
		<media:content url="https://www.hindustantimes.com/rf/image_size_630x354/HT/p2/2018/10/21/Pictures/28th-international-conference-hydrocephalus-spina-bifida-and_266d01dc-d51a-11e8-9a37-2776cb441552.jpg" medium="image" height="640" width="362"/>
		</item><item>
		<title><![CDATA[Petrol, diesel price cuts continue for fourth consecutive day]]></title>
	    
	    <description><![CDATA[In Delhi, petrol now costs Rs 81.74 a litre and diesel is priced at Rs 75.19 per litre. In Mumbai, petrol is sold for Rs 87.21 per litre and diesel at Rs 78.82.  ]]></description>
		<link><![CDATA[https://www.hindustantimes.com/business-news/petrol-diesel-price-cuts-continue-for-fourth-consecutive-day/story-Gi0YMiY5ZP8UTbR61fvn9K.html]]></link>
		<guid><![CDATA[https://www.hindustantimes.com/business-news/petrol-diesel-price-cuts-continue-for-fourth-consecutive-day/story-Gi0YMiY5ZP8UTbR61fvn9K.html]]></guid>
		<pubDate><![CDATA[Sun, 21 Oct 2018 06:21:20 GMT]]> </pubDate>
		<media:content url="https://www.hindustantimes.com/rf/image_size_630x354/HT/p2/2018/10/21/Pictures/petrol-price-hike_c0d54432-d4f7-11e8-9a37-2776cb441552.jpg" medium="image" height="640" width="362"/>
		</item><item>
		<title><![CDATA[Apostle movie review: Netflix's new horror film isn't afraid of getting kooky]]></title>
	    
	    <description><![CDATA[Apostle movie review: From Gareth Evans, director of The Raid, here’s another addition to Netflix’s fantastic roster of horror films, starring Dan Stevens, Michael Sheen. Rating: 3.5/5.]]></description>
		<link><![CDATA[https://www.hindustantimes.com/hollywood/apostle-movie-review-netflix-s-new-horror-film-isn-t-afraid-to-get-kooky/story-AhtWbRXA1LcF9yIGvB0cAJ.html]]></link>
		<guid><![CDATA[https://www.hindustantimes.com/hollywood/apostle-movie-review-netflix-s-new-horror-film-isn-t-afraid-to-get-kooky/story-AhtWbRXA1LcF9yIGvB0cAJ.html]]></guid>
		<pubDate><![CDATA[Fri, 19 Oct 2018 07:55:24 GMT]]> </pubDate>
		<media:content url="https://www.hindustantimes.com/rf/image_size_630x354/HT/p2/2018/10/19/Pictures/apo5877-nef_2810d64e-d371-11e8-9a37-2776cb441552.jpg" medium="image" height="640" width="362"/>
		</item><item>
		<title><![CDATA[Stop the democratisation of misinformation]]></title>
	    
	    <description><![CDATA[Both the Election Commission of India and social media companies are acting to curb fake news. But to what extent?]]></description>
		<link><![CDATA[https://www.hindustantimes.com/editorials/stop-the-democratisation-of-misinformation/story-Sa3K0LpUFPcfJJ57y0ZQwL.html]]></link>
		<guid><![CDATA[https://www.hindustantimes.com/editorials/stop-the-democratisation-of-misinformation/story-Sa3K0LpUFPcfJJ57y0ZQwL.html]]></guid>
		<pubDate><![CDATA[Thu, 18 Oct 2018 07:48:42 GMT]]> </pubDate>
		<media:content url="https://www.hindustantimes.com/rf/image_size_630x354/HT/p2/2018/10/17/Pictures/social-media-logotype-background_64fe2a06-d1d3-11e8-b4cf-7c02492d3b0a.jpg" medium="image" height="640" width="362"/>
		</item><item>
		<title><![CDATA[Why we need to think about stress among young doctors]]></title>
	    
	    <description><![CDATA[Psychological morbidity – the condition of being diseased – among medical students eventually deteriorates their academic performance, and at the same time, increases the risk of substance abuse]]></description>
		<link><![CDATA[https://www.hindustantimes.com/analysis/why-we-need-to-think-about-stress-among-young-doctors/story-mqKg1iwHUsEloudk3o1v0M.html]]></link>
		<guid><![CDATA[https://www.hindustantimes.com/analysis/why-we-need-to-think-about-stress-among-young-doctors/story-mqKg1iwHUsEloudk3o1v0M.html]]></guid>
		<pubDate><![CDATA[Thu, 18 Oct 2018 07:33:51 GMT]]> </pubDate>
		<media:content url="https://www.hindustantimes.com/rf/image_size_630x354/HT/p2/2018/10/17/Pictures/man-at-the-psychotherapist_92fb1f50-d1f5-11e8-b4cf-7c02492d3b0a.jpg" medium="image" height="640" width="362"/>
		</item><item>
		<title><![CDATA[Trump should now walk the talk on the H1-B visa issue]]></title>
	    
	    <description><![CDATA[It makes little sense for his administration to be taking steps that affect Indian technology workers, who are hardly sneaking across the US borders, especially when members of his cabinet describe India as a key ally and push strategies such as the Indo-Pacific policy]]></description>
		<link><![CDATA[https://www.hindustantimes.com/editorials/president-trump-should-now-walk-the-talk-on-the-h1-b-visa-issue/story-iyrDeX2UwSG3x5p6iZwcsL.html]]></link>
		<guid><![CDATA[https://www.hindustantimes.com/editorials/president-trump-should-now-walk-the-talk-on-the-h1-b-visa-issue/story-iyrDeX2UwSG3x5p6iZwcsL.html]]></guid>
		<pubDate><![CDATA[Tue, 16 Oct 2018 07:13:29 GMT]]> </pubDate>
		<media:content url="https://www.hindustantimes.com/rf/image_size_630x354/HT/p2/2018/10/13/Pictures/house-president-donald-trump-departs-ohio-white_73e22fe4-ceaa-11e8-b6ee-f919934f6f9c.jpg" medium="image" height="640" width="362"/>
		</item><item>
		<title><![CDATA[The State must handle the MJ&thinsp;Akbar case in a fair and impartial way]]></title>
	    
	    <description><![CDATA[This was an opportunity for the government to show that it means business when it comes to protecting women’s rights. So far, India’s largest organisation -- the government -- has failed in this respect  ]]></description>
		<link><![CDATA[https://www.hindustantimes.com/editorials/the-state-must-handle-the-mj-akbar-case-in-a-fair-and-impartial-way/story-GCaFzPnHm7xK83jgz26FZN.html]]></link>
		<guid><![CDATA[https://www.hindustantimes.com/editorials/the-state-must-handle-the-mj-akbar-case-in-a-fair-and-impartial-way/story-GCaFzPnHm7xK83jgz26FZN.html]]></guid>
		<pubDate><![CDATA[Mon, 15 Oct 2018 02:22:14 GMT]]> </pubDate>
		<media:content url="https://www.hindustantimes.com/rf/image_size_630x354/HT/p2/2018/10/15/Pictures/me-too-concept_76c586cc-d05b-11e8-9a37-2776cb441552.jpg" medium="image" height="640" width="362"/>
		</item><item>
		<title><![CDATA[Leadership lessons from sex workers]]></title>
	    
	    <description><![CDATA[Why do sex workers show so many more leadership attributes than a business leader? The answer is straightforward – out of necessity]]></description>
		<link><![CDATA[https://www.hindustantimes.com/columns/leadership-lessons-from-sex-workers/story-rezT138vNNK8YU97zBiutK.html]]></link>
		<guid><![CDATA[https://www.hindustantimes.com/columns/leadership-lessons-from-sex-workers/story-rezT138vNNK8YU97zBiutK.html]]></guid>
		<pubDate><![CDATA[Sat, 13 Oct 2018 02:09:08 GMT]]> </pubDate>
		<media:content url="https://www.hindustantimes.com/rf/image_size_630x354/HT/p2/2018/10/10/Pictures/07pubjul2008-workers-photographer-residents-bastion-garstin-railway_f1d7e41a-cc58-11e8-9909-7a4552f8c093.jpg" medium="image" height="640" width="362"/>
		</item><item>
		<title><![CDATA[In the 2019 elections, the Congress must focus on the economy]]></title>
	    
	    <description><![CDATA[Rising fuel prices and the falling rupee may largely be on account of global factors, not the national government’s doing, but they are both issues with mass appeal]]></description>
		<link><![CDATA[https://www.hindustantimes.com/columns/in-the-2019-elections-the-congress-must-focus-on-the-economy/story-9N65ROLySpzzRw4CMBisiM.html]]></link>
		<guid><![CDATA[https://www.hindustantimes.com/columns/in-the-2019-elections-the-congress-must-focus-on-the-economy/story-9N65ROLySpzzRw4CMBisiM.html]]></guid>
		<pubDate><![CDATA[Sat, 13 Oct 2018 02:02:16 GMT]]> </pubDate>
		<media:content url="https://www.hindustantimes.com/rf/image_size_630x354/HT/p2/2018/10/12/Pictures/htls-d01-s01-rahul-gandhi_3f26aeba-ce0f-11e8-9909-7a4552f8c093.jpg" medium="image" height="640" width="362"/>
		</item></channel>
		</rss>
		
















		
		